scale_bin,gt,tp,fp,fn,precision,recall,f1
lt16,81694,62683,17727,19011,0.779542345479418,0.7672901314662032,0.7733677145536199
16_32,4553,3351,828,1202,0.8018664752333095,0.7359982429167582,0.7675217590471828
32_64,51,35,4,16,0.8974358974358975,0.6862745098039216,0.7777777777777778
64_128,0,0,0,0,0.0,0.0,0.0
ge128,0,0,0,0,0.0,0.0,0.0
