{
  "metric": "F1@polygon-IoU0.3",
  "split": "val",
  "threshold_mode": "fixed",
  "overall": {
    "confidence": 0.32303857803344727,
    "gt": 86298,
    "tp": 66069,
    "fp": 18559,
    "fn": 20229,
    "precision": 0.7806990594129603,
    "recall": 0.7655913230897587,
    "f1": 0.7730713876180335
  },
  "weights": "/home/dihan/TZB-subject1-YOLO26-OBBV1.0/runs/yolo26m_obb_full_fold0_img1280_deg180_1500ep_b96-4/weights/best.pt",
  "imgsz": 1280,
  "nms_iou": 0.7,
  "max_det": 600,
  "image_count": 1703
}
