scale_bin,gt,tp,fp,fn,precision,recall,f1
lt16,45345,34812,10163,10533,0.7740300166759311,0.7677141912007939,0.770859167404783
16_32,2180,1621,514,559,0.7592505854800937,0.7435779816513761,0.751332560834299
32_64,24,19,7,5,0.7307692307692307,0.7916666666666666,0.76
64_128,0,0,0,0,0.0,0.0,0.0
ge128,0,0,0,0,0.0,0.0,0.0
