{
  "metric": "F1@polygon-IoU0.3",
  "split": "test",
  "threshold_mode": "fixed",
  "overall": {
    "confidence": 0.32303857803344727,
    "gt": 47549,
    "tp": 36452,
    "fp": 10684,
    "fn": 11097,
    "precision": 0.773336727766463,
    "recall": 0.766619697575133,
    "f1": 0.7699635633944131
  },
  "weights": "/home/dihan/TZB-subject1-YOLO26-OBBV1.0/runs/yolo26m_obb_full_fold0_img1280_deg180_1500ep_b96-4/weights/best.pt",
  "imgsz": 1280,
  "nms_iou": 0.7,
  "max_det": 600,
  "image_count": 944
}
