{
  "metric": "class-aware F1@polygon-IoU0.3",
  "matching": "predictions sorted by confidence; same class; one GT matched at most once",
  "threshold_mode": "optimized_on_evaluated_split",
  "best": {
    "confidence": 0.32303857803344727,
    "tp": 66069,
    "fp": 18559,
    "fn": 20229,
    "precision": 0.7806990594129603,
    "recall": 0.7655913230897587,
    "f1": 0.7730713876180335
  },
  "best_per_class": {
    "score": {
      "confidence": 0.0,
      "tp": 66087,
      "fp": 18416,
      "fn": 20211,
      "precision": 0.7820669088671408,
      "recall": 0.7657999026628659,
      "f1": 0.7738479282908179
    },
    "thresholds": {
      "Bus": 0.31564873456954956,
      "Cargo Truck": 0.3239475190639496,
      "Dump Truck": 0.37320542335510254,
      "Excavator": 0.33712777495384216,
      "Small Car": 0.3229563236236572,
      "Tractor": 0.3080759644508362,
      "Trailer": 0.3539307713508606,
      "Truck Tractor": 0.41774335503578186,
      "Van": 0.31737855076789856,
      "other-vehicle": 0.36549076437950134
    }
  },
  "per_class": {
    "Bus": {
      "confidence": 0.32303857803344727,
      "tp": 255,
      "fp": 58,
      "fn": 101,
      "precision": 0.8146964856230032,
      "recall": 0.7162921348314607,
      "f1": 0.7623318385650224
    },
    "Cargo Truck": {
      "confidence": 0.32303857803344727,
      "tp": 2085,
      "fp": 634,
      "fn": 898,
      "precision": 0.766826038984921,
      "recall": 0.6989607777405297,
      "f1": 0.7313223430375307
    },
    "Dump Truck": {
      "confidence": 0.32303857803344727,
      "tp": 4602,
      "fp": 1482,
      "fn": 1850,
      "precision": 0.7564102564102564,
      "recall": 0.7132672039677619,
      "f1": 0.7342054881940012
    },
    "Excavator": {
      "confidence": 0.32303857803344727,
      "tp": 157,
      "fp": 52,
      "fn": 76,
      "precision": 0.7511961722488039,
      "recall": 0.6738197424892703,
      "f1": 0.7104072398190046
    },
    "Small Car": {
      "confidence": 0.32303857803344727,
      "tp": 30037,
      "fp": 8511,
      "fn": 7693,
      "precision": 0.7792103351665456,
      "recall": 0.7961038961038961,
      "f1": 0.7875665329452791
    },
    "Tractor": {
      "confidence": 0.32303857803344727,
      "tp": 11,
      "fp": 2,
      "fn": 16,
      "precision": 0.8461538461538461,
      "recall": 0.4074074074074074,
      "f1": 0.55
    },
    "Trailer": {
      "confidence": 0.32303857803344727,
      "tp": 96,
      "fp": 51,
      "fn": 164,
      "precision": 0.6530612244897959,
      "recall": 0.36923076923076925,
      "f1": 0.47174447174447176
    },
    "Truck Tractor": {
      "confidence": 0.32303857803344727,
      "tp": 179,
      "fp": 48,
      "fn": 77,
      "precision": 0.788546255506608,
      "recall": 0.69921875,
      "f1": 0.7412008281573499
    },
    "Van": {
      "confidence": 0.32303857803344727,
      "tp": 28403,
      "fp": 7532,
      "fn": 8438,
      "precision": 0.7903993321274524,
      "recall": 0.7709617002795798,
      "f1": 0.7805595251181708
    },
    "other-vehicle": {
      "confidence": 0.32303857803344727,
      "tp": 244,
      "fp": 189,
      "fn": 916,
      "precision": 0.5635103926096998,
      "recall": 0.2103448275862069,
      "f1": 0.30634023854362835
    }
  },
  "total_ground_truths": 86298,
  "prediction_cache": {
    "weights": "/home/dihan/TZB-subject1-YOLO26-OBBV1.0/runs/yolo26m_obb_full_fold0_img1280_deg180_1500ep_b96-4/weights/best.pt",
    "imgsz": 1280,
    "min_conf": 0.05,
    "nms_iou": 0.7,
    "max_det": 600,
    "image_count": 1703,
    "wall_seconds": 266.92523658199934
  },
  "score_max_det": 600,
  "speed_ms_per_image": {
    "preprocess": 12.95665854372342,
    "inference": 18.112105382260825,
    "postprocess": 1.3531643100964295
  }
}
